regime,regime
0,13.24390243902439
1,17.71186440677966
2,20.176470588235293
3,11.909090909090908
